Date,Open,High,Low,Close,Adj Close,Volume,Previous_open,Previous_high,Previous_low
17-07-2021,1.171585,1.193662,1.152655,1.172302,1.172302,1487211065,,,
18-07-2021,1.172851,1.216031,1.170776,1.183698,1.183698,1354296229,1.171585,1.193662,1.152655
19-07-2021,1.181999,1.190931,1.117248,1.121116,1.121116,1061358016,1.172851,1.216031,1.170776
20-07-2021,1.12276,1.134648,1.021433,1.056291,1.056291,1782242052,1.181999,1.190931,1.117248
21-07-2021,1.054299,1.221106,1.038182,1.168098,1.168098,2074843118,1.12276,1.134648,1.021433
22-07-2021,1.170252,1.206679,1.152134,1.186161,1.186161,1494732916,1.054299,1.221106,1.038182
23-07-2021,1.18625,1.207033,1.147738,1.206307,1.206307,1215895311,1.170252,1.206679,1.152134
24-07-2021,1.207072,1.247973,1.199018,1.233497,1.233497,1227752700,1.18625,1.207033,1.147738
25-07-2021,1.233566,1.238433,1.191617,1.228501,1.228501,1036357455,1.207072,1.247973,1.199018
26-07-2021,1.228722,1.399011,1.224362,1.258493,1.258493,3004669560,1.233566,1.238433,1.191617
27-07-2021,1.255928,1.314803,1.21536,1.278446,1.278446,2145865207,1.228722,1.399011,1.224362
28-07-2021,1.280826,1.316583,1.260048,1.283504,1.283504,1793329178,1.255928,1.314803,1.21536
29-07-2021,1.286494,1.299072,1.260992,1.284084,1.284084,1466954743,1.280826,1.316583,1.260048
30-07-2021,1.285791,1.317354,1.250495,1.308952,1.308952,1556740433,1.286494,1.299072,1.260992
31-07-2021,1.309885,1.332403,1.28886,1.322345,1.322345,1312376664,1.285791,1.317354,1.250495
01-08-2021,1.319958,1.386737,1.30027,1.31773,1.31773,1862585305,1.309885,1.332403,1.28886
02-08-2021,1.31577,1.349569,1.296775,1.310068,1.310068,1431593693,1.319958,1.386737,1.30027
03-08-2021,1.30939,1.382737,1.263189,1.365026,1.365026,2100675041,1.31577,1.349569,1.296775
04-08-2021,1.369783,1.392539,1.324366,1.376564,1.376564,1899638009,1.30939,1.382737,1.263189
05-08-2021,1.376939,1.397315,1.34052,1.386145,1.386145,1722512650,1.369783,1.392539,1.324366
06-08-2021,1.386193,1.424119,1.363699,1.401786,1.401786,1882912649,1.376939,1.397315,1.34052
07-08-2021,1.402523,1.484598,1.39675,1.470677,1.470677,2489155525,1.386193,1.424119,1.363699
08-08-2021,1.473097,1.494273,1.408625,1.42783,1.42783,1977739378,1.402523,1.484598,1.39675
09-08-2021,1.426617,1.498564,1.394436,1.47764,1.47764,1821319632,1.473097,1.494273,1.408625
10-08-2021,1.475262,1.699575,1.458569,1.672566,1.672566,3460499377,1.426617,1.498564,1.394436
11-08-2021,1.677949,1.894406,1.670661,1.798038,1.798038,6144078169,1.475262,1.699575,1.458569
12-08-2021,1.795803,1.866757,1.684125,1.823878,1.823878,5590812297,1.677949,1.894406,1.670661
13-08-2021,1.83276,2.145926,1.828374,2.136079,2.136079,7661020085,1.795803,1.866757,1.684125
14-08-2021,2.138287,2.25036,2.093593,2.191687,2.191687,7965959274,1.83276,2.145926,1.828374
15-08-2021,2.189896,2.248431,2.039562,2.169153,2.169153,5964077684,2.138287,2.25036,2.093593
16-08-2021,2.167868,2.19545,2.051724,2.079417,2.079417,4479074279,2.189896,2.248431,2.039562
17-08-2021,2.072315,2.141046,1.912754,1.926601,1.926601,3862425430,2.167868,2.19545,2.051724
18-08-2021,1.92448,2.161289,1.887675,2.10856,2.10856,4919304569,2.072315,2.141046,1.912754
19-08-2021,2.105524,2.449876,2.047941,2.42814,2.42814,8287149082,1.92448,2.161289,1.887675
20-08-2021,2.437795,2.575276,2.378612,2.457702,2.457702,8323304733,2.105524,2.449876,2.047941
21-08-2021,2.457214,2.528989,2.387616,2.435435,2.435435,4710945373,2.437795,2.575276,2.378612
22-08-2021,2.436862,2.718612,2.433664,2.713725,2.713725,6726764969,2.457214,2.528989,2.387616
23-08-2021,2.708616,2.967398,2.693827,2.917386,2.917386,9761269047,2.436862,2.718612,2.433664
24-08-2021,2.920038,2.947403,2.598319,2.721091,2.721091,9395142433,2.708616,2.967398,2.693827
25-08-2021,2.725629,2.795994,2.608796,2.738132,2.738132,6920886097,2.920038,2.947403,2.598319
26-08-2021,2.741166,2.783461,2.473766,2.535528,2.535528,6555135612,2.725629,2.795994,2.608796
27-08-2021,2.531772,2.944447,2.498699,2.944197,2.944197,8077144313,2.741166,2.783461,2.473766
28-08-2021,2.947338,2.948675,2.782474,2.84749,2.84749,5503772825,2.531772,2.944447,2.498699
29-08-2021,2.850029,2.936252,2.730336,2.855986,2.855986,5290685515,2.947338,2.948675,2.782474
30-08-2021,2.850741,2.885242,2.724317,2.73316,2.73316,5221151798,2.850029,2.936252,2.730336
31-08-2021,2.737641,2.877878,2.706473,2.772475,2.772475,5085983512,2.850741,2.885242,2.724317
01-09-2021,2.769947,2.902614,2.726327,2.870767,2.870767,4652638822,2.737641,2.877878,2.706473
02-09-2021,2.86975,3.099186,2.839781,2.963438,2.963438,7376031836,2.769947,2.902614,2.726327
03-09-2021,2.959315,3.029436,2.907606,2.968239,2.968239,5244576777,2.86975,3.099186,2.839781
04-09-2021,2.96639,2.96639,2.810206,2.832807,2.832807,4675923261,2.959315,3.029436,2.907606
05-09-2021,2.831425,2.954971,2.826377,2.910824,2.910824,4259327908,2.96639,2.96639,2.810206
06-09-2021,2.911581,2.92623,2.804009,2.831897,2.831897,4625766871,2.831425,2.954971,2.826377
07-09-2021,2.832807,2.872511,2.040953,2.502491,2.502491,11700337851,2.911581,2.92623,2.804009
08-09-2021,2.506859,2.564514,2.211509,2.474989,2.474989,8032727286,2.832807,2.872511,2.040953
09-09-2021,2.406712,2.621054,2.387085,2.517666,2.517666,6031548418,2.506859,2.564514,2.211509
10-09-2021,2.517666,2.585671,2.302802,2.385911,2.385911,6130460769,2.406712,2.621054,2.387085
11-09-2021,2.385186,2.796062,2.375493,2.63395,2.63395,8670619500,2.517666,2.585671,2.302802
12-09-2021,2.641341,2.783103,2.511185,2.581727,2.581727,8111330870,2.385186,2.796062,2.375493
13-09-2021,2.582778,2.590281,2.315688,2.400663,2.400663,6214066598,2.641341,2.783103,2.511185
14-09-2021,2.403186,2.43249,2.328019,2.395638,2.395638,3934706576,2.582778,2.590281,2.315688
15-09-2021,2.397332,2.578296,2.364347,2.501635,2.501635,4185888557,2.403186,2.43249,2.328019
16-09-2021,2.503889,2.512983,2.383594,2.420969,2.420969,3323103389,2.397332,2.578296,2.364347
17-09-2021,2.418439,2.441715,2.32671,2.346419,2.346419,2448833581,2.503889,2.512983,2.383594
18-09-2021,2.347429,2.435803,2.313549,2.369978,2.369978,2118771218,2.418439,2.441715,2.32671
19-09-2021,2.369956,2.391871,2.265415,2.282299,2.282299,2224777431,2.347429,2.435803,2.313549
20-09-2021,2.283438,2.289793,1.989418,2.063989,2.063989,5935941714,2.369956,2.391871,2.265415
21-09-2021,2.079772,2.224538,1.92328,1.987028,1.987028,6063428617,2.283438,2.289793,1.989418
22-09-2021,1.984266,2.266182,1.970946,2.266182,2.266182,4876595304,2.079772,2.224538,1.92328
23-09-2021,2.259691,2.344563,2.183468,2.330941,2.330941,3463572829,1.984266,2.266182,1.970946
24-09-2021,2.329006,2.344986,2.077399,2.281269,2.281269,6064304812,2.259691,2.344563,2.183468
25-09-2021,2.279395,2.458108,2.241186,2.301541,2.301541,6081076538,2.329006,2.344986,2.077399
26-09-2021,2.302443,2.302443,2.153531,2.208495,2.208495,4143032820,2.279395,2.458108,2.241186
27-09-2021,2.212038,2.271561,2.133972,2.135905,2.135905,2990138100,2.302443,2.302443,2.153531
28-09-2021,2.133217,2.172157,2.030042,2.039139,2.039139,3092923646,2.212038,2.271561,2.133972
29-09-2021,2.039015,2.144665,2.023027,2.065688,2.065688,2869486117,2.133217,2.172157,2.030042
30-09-2021,2.066589,2.134077,2.053454,2.114452,2.114452,2621620164,2.039015,2.144665,2.023027
01-10-2021,2.116249,2.274002,2.096256,2.258127,2.258127,3235813427,2.066589,2.134077,2.053454
02-10-2021,2.254531,2.320416,2.195434,2.251459,2.251459,2911039833,2.116249,2.274002,2.096256
03-10-2021,2.249317,2.307575,2.223882,2.252873,2.252873,2331706759,2.254531,2.320416,2.195434
04-10-2021,2.251848,2.253159,2.1558,2.189235,2.189235,2249001043,2.249317,2.307575,2.223882
05-10-2021,2.189178,2.256643,2.181561,2.233124,2.233124,2090074822,2.251848,2.253159,2.1558
06-10-2021,2.233087,2.250027,2.116876,2.212155,2.212155,2719301133,2.189178,2.256643,2.181561
07-10-2021,2.210038,2.369656,2.153612,2.276995,2.276995,3265277489,2.233087,2.250027,2.116876
08-10-2021,2.277983,2.309177,2.223705,2.237176,2.237176,1977478611,2.210038,2.369656,2.153612
09-10-2021,2.234527,2.297457,2.221574,2.266615,2.266615,1953066446,2.277983,2.309177,2.223705
10-10-2021,2.267288,2.276212,2.174145,2.197214,2.197214,2036732421,2.234527,2.297457,2.221574
11-10-2021,2.191907,2.249355,2.122026,2.173389,2.173389,2386202338,2.267288,2.276212,2.174145
12-10-2021,2.173525,2.173575,2.075584,2.11919,2.11919,3467823586,2.191907,2.249355,2.122026
13-10-2021,2.119377,2.196761,2.089565,2.189053,2.189053,3088601173,2.173525,2.173575,2.075584
14-10-2021,2.187248,2.221947,2.158867,2.170363,2.170363,2171800205,2.119377,2.196761,2.089565
15-10-2021,2.172978,2.240569,2.139135,2.214651,2.214651,3419909583,2.187248,2.221947,2.158867
16-10-2021,2.215554,2.247748,2.171732,2.177713,2.177713,2415050040,2.172978,2.240569,2.139135
17-10-2021,2.177637,2.187675,2.09656,2.156963,2.156963,2044782419,2.215554,2.247748,2.171732
18-10-2021,2.157833,2.16989,2.109943,2.128263,2.128263,2594342479,2.177637,2.187675,2.09656
19-10-2021,2.128213,2.155572,2.096606,2.112962,2.112962,3071082063,2.157833,2.16989,2.109943
20-10-2021,2.111303,2.206168,2.095114,2.18595,2.18595,3023618047,2.128213,2.155572,2.096606
21-10-2021,2.18964,2.29641,2.13471,2.136591,2.136591,3967007331,2.111303,2.206168,2.095114
22-10-2021,2.137513,2.20874,2.133419,2.154199,2.154199,2785878320,2.18964,2.29641,2.13471
23-10-2021,2.156006,2.174763,2.134751,2.166815,2.166815,2115938187,2.137513,2.20874,2.133419
24-10-2021,2.166816,2.169683,2.095419,2.123435,2.123435,2188895748,2.156006,2.174763,2.134751
25-10-2021,2.119801,2.176252,2.115651,2.144066,2.144066,2398064828,2.166816,2.169683,2.095419
26-10-2021,2.143916,2.199589,2.128982,2.138777,2.138777,2803084142,2.119801,2.176252,2.115651
27-10-2021,2.137858,2.154367,1.83342,1.913237,1.913237,5058404282,2.143916,2.199589,2.128982
28-10-2021,1.912248,2.054593,1.910781,1.988219,1.988219,4494724914,2.137858,2.154367,1.83342
29-10-2021,1.987413,2.044696,1.982498,2.012187,2.012187,2884450462,1.912248,2.054593,1.910781
30-10-2021,2.012207,2.016995,1.932392,1.957422,1.957422,2313950989,1.987413,2.044696,1.982498
31-10-2021,1.955862,2.022236,1.923054,1.965026,1.965026,2446176744,2.012207,2.016995,1.932392
01-11-2021,1.964962,2.015316,1.91796,1.950002,1.950002,2649338831,1.955862,2.022236,1.923054
02-11-2021,1.949818,1.99654,1.934827,1.971377,1.971377,2459979881,1.964962,2.015316,1.91796
03-11-2021,1.971404,2.144626,1.950845,2.063701,2.063701,4722705987,1.949818,1.99654,1.934827
04-11-2021,2.064559,2.100966,1.956403,1.984882,1.984882,3301214469,1.971404,2.144626,1.950845
05-11-2021,1.984745,2.018975,1.963668,1.986206,1.986206,2274851985,2.064559,2.100966,1.956403
06-11-2021,1.985306,2.03994,1.946815,2.006609,2.006609,1883049324,1.984745,2.018975,1.963668
07-11-2021,2.006963,2.036167,1.978159,2.021872,2.021872,1871914235,1.985306,2.03994,1.946815
08-11-2021,2.021946,2.138435,2.011635,2.124419,2.124419,3157370460,2.006963,2.036167,1.978159
09-11-2021,2.126183,2.375914,2.107469,2.273483,2.273483,7356647142,2.021946,2.138435,2.011635
10-11-2021,2.268922,2.359522,1.944602,2.101802,2.101802,6436473948,2.126183,2.375914,2.107469
11-11-2021,2.101769,2.152531,2.063564,2.085524,2.085524,3597674965,2.268922,2.359522,1.944602
12-11-2021,2.082225,2.102994,1.994117,2.045766,2.045766,2818140241,2.101769,2.152531,2.063564
13-11-2021,2.046191,2.079476,2.023658,2.053104,2.053104,2022529448,2.082225,2.102994,1.994117
14-11-2021,2.052102,2.070042,2.01207,2.040853,2.040853,1527465250,2.046191,2.079476,2.023658
15-11-2021,2.041248,2.094682,2.014811,2.015587,2.015587,1411134707,2.052102,2.070042,2.01207
16-11-2021,2.021147,2.021147,1.786474,1.877235,1.877235,3400794601,2.041248,2.094682,2.014811
17-11-2021,1.877808,1.893318,1.805297,1.87554,1.87554,2869765024,2.021147,2.021147,1.786474
18-11-2021,1.87627,1.908513,1.710864,1.788331,1.788331,2511854943,1.877808,1.893318,1.805297
19-11-2021,1.787225,1.894425,1.756623,1.864793,1.864793,1897885322,1.87627,1.908513,1.710864
20-11-2021,1.86464,1.955915,1.860625,1.921736,1.921736,1632660169,1.787225,1.894425,1.756623
21-11-2021,1.922869,1.922869,1.836332,1.839763,1.839763,1252654509,1.86464,1.955915,1.860625
22-11-2021,1.838291,1.839811,1.75983,1.776555,1.776555,1581033619,1.922869,1.922869,1.836332
23-11-2021,1.778283,1.81763,1.745127,1.750503,1.750503,1765447419,1.838291,1.839811,1.75983
24-11-2021,1.751246,1.752388,1.594203,1.686423,1.686423,1983587289,1.778283,1.81763,1.745127
25-11-2021,1.667261,1.748867,1.620885,1.651345,1.651345,3072612884,1.751246,1.752388,1.594203
26-11-2021,1.676388,1.68544,1.502046,1.52842,1.52842,3011271612,1.667261,1.748867,1.620885
27-11-2021,1.531957,1.585799,1.531957,1.546118,1.546118,1560548721,1.676388,1.68544,1.502046
28-11-2021,1.546672,1.598509,1.433618,1.592855,1.592855,2236244253,1.531957,1.585799,1.531957
29-11-2021,1.594501,1.636148,1.559918,1.602508,1.602508,1801591216,1.546672,1.598509,1.433618
30-11-2021,1.602102,1.628403,1.549843,1.554903,1.554903,1814169292,1.594501,1.636148,1.559918
01-12-2021,1.552819,1.622388,1.534562,1.547713,1.547713,1666236481,1.602102,1.628403,1.549843
02-12-2021,1.547706,1.756863,1.521645,1.715366,1.715366,3716108059,1.552819,1.622388,1.534562
03-12-2021,1.720719,1.728509,1.532564,1.556555,1.556555,2675040145,1.547706,1.756863,1.521645
04-12-2021,1.558386,1.558615,1.205124,1.420706,1.420706,4076290725,1.720719,1.728509,1.532564
05-12-2021,1.420609,1.436573,1.290549,1.378105,1.378105,3034823821,1.558386,1.558615,1.205124
06-12-2021,1.379189,1.438994,1.257868,1.425393,1.425393,2642050277,1.420609,1.436573,1.290549
07-12-2021,1.423189,1.477548,1.370552,1.381941,1.381941,2210387832,1.379189,1.438994,1.257868
08-12-2021,1.380939,1.423688,1.343517,1.397074,1.397074,1764297116,1.423189,1.477548,1.370552
09-12-2021,1.393739,1.407885,1.29044,1.29044,1.29044,1670588001,1.380939,1.423688,1.343517
10-12-2021,1.291753,1.331853,1.210024,1.211689,1.211689,1721213997,1.393739,1.407885,1.29044
11-12-2021,1.213407,1.362157,1.195143,1.354248,1.354248,1693932686,1.291753,1.331853,1.210024
12-12-2021,1.352221,1.41196,1.321837,1.347282,1.347282,1473164555,1.213407,1.362157,1.195143
13-12-2021,1.347895,1.357773,1.202574,1.225348,1.225348,1448791702,1.352221,1.41196,1.321837
14-12-2021,1.22446,1.269876,1.201422,1.222835,1.222835,1596202685,1.347895,1.357773,1.202574
15-12-2021,1.266263,1.329269,1.207161,1.311847,1.311847,1634066534,1.22446,1.269876,1.201422
16-12-2021,1.311818,1.33101,1.236784,1.240534,1.240534,1293311594,1.266263,1.329269,1.207161
17-12-2021,1.240744,1.258695,1.187881,1.219892,1.219892,1376131289,1.311818,1.33101,1.236784
18-12-2021,1.220517,1.267222,1.201947,1.242534,1.242534,1057989368,1.240744,1.258695,1.187881
19-12-2021,1.242394,1.309385,1.241757,1.244661,1.244661,1220196479,1.220517,1.267222,1.201947
20-12-2021,1.243437,1.260699,1.202716,1.23824,1.23824,1365306484,1.242394,1.309385,1.241757
21-12-2021,1.236419,1.289425,1.229115,1.280859,1.280859,1149078005,1.243437,1.260699,1.202716
22-12-2021,1.280337,1.366798,1.278285,1.328041,1.328041,1528804985,1.236419,1.289425,1.229115
23-12-2021,1.328843,1.489489,1.311121,1.474691,1.474691,2068524292,1.280337,1.366798,1.278285
24-12-2021,1.473877,1.490347,1.38348,1.392367,1.392367,1337799712,1.328843,1.489489,1.311121
25-12-2021,1.394186,1.460733,1.385219,1.453495,1.453495,1005403101,1.473877,1.490347,1.38348
26-12-2021,1.45351,1.468327,1.410834,1.456045,1.456045,1111799397,1.394186,1.460733,1.385219
27-12-2021,1.455838,1.590728,1.452088,1.512913,1.512913,1891237484,1.45351,1.468327,1.410834
28-12-2021,1.515092,1.537979,1.381352,1.402264,1.402264,2111991275,1.455838,1.590728,1.452088
29-12-2021,1.401962,1.436113,1.32847,1.330814,1.330814,1516774796,1.515092,1.537979,1.381352
30-12-2021,1.332747,1.376474,1.300004,1.360415,1.360415,1292798472,1.401962,1.436113,1.32847
31-12-2021,1.36047,1.379202,1.287365,1.310209,1.310209,1271633462,1.332747,1.376474,1.300004
01-01-2022,1.31013,1.376975,1.309787,1.376975,1.376975,851279685,1.36047,1.379202,1.287365
02-01-2022,1.377017,1.388755,1.346515,1.377584,1.377584,881893010,1.31013,1.376975,1.309787
03-01-2022,1.377599,1.377599,1.3158,1.321637,1.321637,956659954,1.377017,1.388755,1.346515
04-01-2022,1.321508,1.349682,1.299482,1.311658,1.311658,1014646349,1.377599,1.377599,1.3158
05-01-2022,1.311944,1.350875,1.202679,1.236002,1.236002,1416139355,1.321508,1.349682,1.299482
06-01-2022,1.235209,1.294576,1.193416,1.279782,1.279782,1559075484,1.311944,1.350875,1.202679
07-01-2022,1.279917,1.282408,1.193237,1.211547,1.211547,1751707653,1.235209,1.294576,1.193416
08-01-2022,1.211468,1.25267,1.138116,1.187512,1.187512,1499054949,1.279917,1.282408,1.193237
09-01-2022,1.187693,1.204036,1.153479,1.17386,1.17386,1088569809,1.211468,1.25267,1.138116
10-01-2022,1.173786,1.178859,1.080153,1.128052,1.128052,1481621292,1.187693,1.204036,1.153479
11-01-2022,1.127857,1.193615,1.125648,1.18511,1.18511,1089929557,1.173786,1.178859,1.080153
12-01-2022,1.185551,1.306346,1.185551,1.304535,1.304535,1651269250,1.127857,1.193615,1.125648
13-01-2022,1.304656,1.350995,1.233161,1.233161,1.233161,2022506483,1.185551,1.306346,1.185551
14-01-2022,1.23337,1.306503,1.227105,1.290926,1.290926,1855980787,1.304656,1.350995,1.233161
15-01-2022,1.291089,1.315587,1.257258,1.296263,1.296263,967735764,1.23337,1.306503,1.227105
16-01-2022,1.295933,1.420641,1.291159,1.407251,1.407251,2436680646,1.291089,1.315587,1.257258
17-01-2022,1.40821,1.594131,1.390763,1.594131,1.594131,5285117130,1.295933,1.420641,1.291159
18-01-2022,1.59648,1.631298,1.418237,1.465541,1.465541,4287066351,1.40821,1.594131,1.390763
19-01-2022,1.464946,1.531111,1.331478,1.341757,1.341757,3304139176,1.59648,1.631298,1.418237
20-01-2022,1.341654,1.423338,1.257876,1.258055,1.258055,1686210420,1.464946,1.531111,1.331478
21-01-2022,1.258803,1.279778,1.109166,1.123233,1.123233,3009627794,1.341654,1.423338,1.257876
22-01-2022,1.123079,1.152195,0.933397,1.066716,1.066716,3930474859,1.258803,1.279778,1.109166
23-01-2022,1.067661,1.164873,1.056932,1.122371,1.122371,2362627205,1.123079,1.152195,0.933397
24-01-2022,1.122782,1.124338,0.959124,1.066598,1.066598,3237316963,1.067661,1.164873,1.056932
25-01-2022,1.066519,1.072024,0.998212,1.043574,1.043574,1766326155,1.122782,1.124338,0.959124
26-01-2022,1.04362,1.149648,1.026486,1.079047,1.079047,2437592239,1.066519,1.072024,0.998212
27-01-2022,1.078735,1.078735,1.009166,1.043533,1.043533,1519972359,1.04362,1.149648,1.026486
28-01-2022,1.043234,1.058343,1.014096,1.050606,1.050606,1206550586,1.078735,1.078735,1.009166
29-01-2022,1.050492,1.080614,1.041647,1.05957,1.05957,913122499,1.043234,1.058343,1.014096
30-01-2022,1.059748,1.075346,1.028418,1.037473,1.037473,748084610,1.050492,1.080614,1.041647
31-01-2022,1.037615,1.057604,1.012046,1.052303,1.052303,925666321,1.059748,1.075346,1.028418
01-02-2022,1.052236,1.092317,1.037886,1.088624,1.088624,1130552843,1.037615,1.057604,1.012046
02-02-2022,1.090309,1.10024,1.02775,1.028906,1.028906,1086043481,1.052236,1.092317,1.037886
03-02-2022,1.028688,1.057225,1.019261,1.056444,1.056444,873675008,1.090309,1.10024,1.02775
04-02-2022,1.056243,1.135624,1.047297,1.135624,1.135624,1178757518,1.028688,1.057225,1.019261
05-02-2022,1.136061,1.172885,1.102618,1.127345,1.127345,1363912644,1.056243,1.135624,1.047297
06-02-2022,1.127235,1.147803,1.103168,1.144547,1.144547,911521818,1.136061,1.172885,1.102618
07-02-2022,1.144356,1.206854,1.128264,1.197307,1.197307,2107219347,1.127235,1.147803,1.103168
08-02-2022,1.19765,1.257816,1.135913,1.17872,1.17872,2267265855,1.144356,1.206854,1.128264
09-02-2022,1.177958,1.212157,1.15475,1.19481,1.19481,1239455609,1.19765,1.257816,1.135913
10-02-2022,1.194636,1.218667,1.149182,1.152478,1.152478,1810255178,1.177958,1.212157,1.15475
11-02-2022,1.152571,1.162573,1.072568,1.080347,1.080347,1395763170,1.194636,1.218667,1.149182
12-02-2022,1.080511,1.091407,1.034717,1.058199,1.058199,1401190670,1.152571,1.162573,1.072568
13-02-2022,1.058008,1.070944,1.035629,1.045819,1.045819,1066206015,1.080511,1.091407,1.034717
14-02-2022,1.045469,1.052781,1.021529,1.050267,1.050267,1261583495,1.058008,1.070944,1.035629
15-02-2022,1.050218,1.113366,1.050018,1.107586,1.107586,1370174980,1.045469,1.052781,1.021529
16-02-2022,1.107631,1.110541,1.069289,1.084981,1.084981,1028924852,1.050218,1.113366,1.050018
17-02-2022,1.084318,1.091512,1.012222,1.019895,1.019895,1093325576,1.107631,1.110541,1.069289
18-02-2022,1.020223,1.041311,0.989473,0.997113,0.997113,1288743412,1.084318,1.091512,1.012222
19-02-2022,0.997005,1.017854,0.977514,0.997703,0.997703,1104597763,1.020223,1.041311,0.989473
20-02-2022,0.997629,0.997629,0.923295,0.932902,0.932902,1429017666,0.997005,1.017854,0.977514
21-02-2022,0.932452,0.986247,0.857714,0.858236,0.858236,2072270994,0.997629,0.997629,0.923295
22-02-2022,0.85813,0.893756,0.81999,0.889017,0.889017,2058499639,0.932452,0.986247,0.857714
23-02-2022,0.888989,0.955431,0.869169,0.869169,0.869169,1824386011,0.85813,0.893756,0.81999
24-02-2022,0.868515,0.882342,0.75281,0.853425,0.853425,3629367685,0.888989,0.955431,0.869169
25-02-2022,0.853572,0.906541,0.829244,0.898027,0.898027,1652894219,0.868515,0.882342,0.75281
26-02-2022,0.897996,0.928296,0.885401,0.887918,0.887918,1099934921,0.853572,0.906541,0.829244
27-02-2022,0.887788,0.912676,0.840146,0.858335,0.858335,1278510571,0.897996,0.928296,0.885401
28-02-2022,0.85787,0.967613,0.84504,0.959828,0.959828,1779202386,0.887788,0.912676,0.840146
01-03-2022,0.959886,1.005403,0.944935,0.962346,0.962346,1778795527,0.85787,0.967613,0.84504
02-03-2022,0.962425,0.973629,0.929062,0.938662,0.938662,1262681262,0.959886,1.005403,0.944935
03-03-2022,0.938722,0.944079,0.886073,0.902659,0.902659,986233549,0.962425,0.973629,0.929062
04-03-2022,0.902793,0.90305,0.830861,0.842889,0.842889,1115108721,0.938722,0.944079,0.886073
05-03-2022,0.843175,0.88094,0.824839,0.865672,0.865672,734896311,0.902793,0.90305,0.830861
06-03-2022,0.865688,0.870498,0.823004,0.823752,0.823752,670024869,0.843175,0.88094,0.824839
07-03-2022,0.823738,0.845476,0.783291,0.797379,0.797379,1040234323,0.865688,0.870498,0.823004
08-03-2022,0.797174,0.819148,0.790318,0.80125,0.80125,955952004,0.823738,0.845476,0.783291
09-03-2022,0.801485,0.861431,0.801007,0.849293,0.849293,980869497,0.797174,0.819148,0.790318
10-03-2022,0.849355,0.850576,0.791222,0.806316,0.806316,903650101,0.801485,0.861431,0.801007
11-03-2022,0.806302,0.817147,0.78593,0.790125,0.790125,792395101,0.849355,0.850576,0.791222
12-03-2022,0.790073,0.800801,0.789565,0.790674,0.790674,493606091,0.806302,0.817147,0.78593
13-03-2022,0.790567,0.819025,0.783251,0.790995,0.790995,772035954,0.790073,0.800801,0.789565
14-03-2022,0.790412,0.812075,0.781908,0.803917,0.803917,924771999,0.790567,0.819025,0.783251
15-03-2022,0.803841,0.815622,0.785917,0.800006,0.800006,832137304,0.790412,0.812075,0.781908
16-03-2022,0.800024,0.838632,0.795396,0.838374,0.838374,1233395707,0.803841,0.815622,0.785917
17-03-2022,0.838362,0.85588,0.82993,0.836784,0.836784,909733920,0.800024,0.838632,0.795396
18-03-2022,0.836657,0.85888,0.822879,0.853433,0.853433,792706852,0.838362,0.85588,0.82993
19-03-2022,0.853274,0.912921,0.851972,0.901099,0.901099,1103521076,0.836657,0.85888,0.822879
20-03-2022,0.901322,0.914603,0.865669,0.877092,0.877092,949951339,0.853274,0.912921,0.851972
21-03-2022,0.877201,0.927599,0.865919,0.916782,0.916782,1233477886,0.901322,0.914603,0.865669
22-03-2022,0.916888,0.985033,0.909592,0.97644,0.97644,1699537576,0.877201,0.927599,0.865919
23-03-2022,0.976162,1.107482,0.959068,1.107482,1.107482,3447683427,0.916888,0.985033,0.909592
24-03-2022,1.107204,1.185751,1.085422,1.130011,1.130011,3671006856,0.976162,1.107482,0.959068
25-03-2022,1.130228,1.163815,1.075631,1.097888,1.097888,2232929187,1.107204,1.185751,1.085422
26-03-2022,1.098015,1.157231,1.082272,1.150594,1.150594,1407171432,1.130228,1.163815,1.075631
27-03-2022,1.151006,1.183395,1.108125,1.182148,1.182148,1322194562,1.098015,1.157231,1.082272
28-03-2022,1.182334,1.242865,1.162468,1.170184,1.170184,2304056098,1.151006,1.183395,1.108125
29-03-2022,1.169285,1.239358,1.169033,1.191112,1.191112,1761798381,1.182334,1.242865,1.162468
30-03-2022,1.19098,1.216669,1.167608,1.190385,1.190385,1424442312,1.169285,1.239358,1.169033
31-03-2022,1.190299,1.22632,1.137162,1.141851,1.141851,1745903089,1.19098,1.216669,1.167608
01-04-2022,1.141952,1.172973,1.107619,1.165425,1.165425,1687785845,1.190299,1.22632,1.137162
02-04-2022,1.165444,1.193844,1.15105,1.156007,1.156007,1224117012,1.141952,1.172973,1.107619
03-04-2022,1.155909,1.198543,1.146687,1.185941,1.185941,976725814,1.165444,1.193844,1.15105
04-04-2022,1.1858,1.240358,1.165493,1.212945,1.212945,2447778820,1.155909,1.198543,1.146687
05-04-2022,1.213029,1.217393,1.167548,1.170801,1.170801,1188106135,1.1858,1.240358,1.165493
06-04-2022,1.170792,1.171607,1.052379,1.052771,1.052771,1710318316,1.213029,1.217393,1.167548
07-04-2022,1.053129,1.098469,1.045138,1.091894,1.091894,1139697598,1.170792,1.171607,1.052379
08-04-2022,1.091632,1.097432,1.02137,1.026326,1.026326,926095649,1.053129,1.098469,1.045138
09-04-2022,1.025912,1.045075,1.02379,1.045015,1.045015,640896639,1.091632,1.097432,1.02137
10-04-2022,1.045012,1.06803,1.028757,1.030885,1.030885,626332866,1.025912,1.045075,1.02379
11-04-2022,1.030671,1.030671,0.920116,0.92045,0.92045,1398303911,1.045012,1.06803,1.028757
12-04-2022,0.920599,0.980855,0.920599,0.955145,0.955145,1076130201,1.030671,1.030671,0.920116
13-04-2022,0.955122,0.978153,0.9374,0.974696,0.974696,791702878,0.920599,0.980855,0.920599
14-04-2022,0.974569,0.983624,0.925471,0.932412,0.932412,812010499,0.955122,0.978153,0.9374
15-04-2022,0.932529,0.957988,0.932474,0.954717,0.954717,574655010,0.974569,0.983624,0.925471
16-04-2022,0.954704,0.961081,0.939852,0.95264,0.95264,468473785,0.932529,0.957988,0.932474
17-04-2022,0.952531,0.961512,0.915346,0.917466,0.917466,528371933,0.954704,0.961081,0.939852
18-04-2022,0.917509,0.937368,0.877736,0.93673,0.93673,1105222191,0.952531,0.961512,0.915346
19-04-2022,0.936762,0.954662,0.928201,0.953333,0.953333,777142382,0.917509,0.937368,0.877736
20-04-2022,0.953325,0.974735,0.93251,0.937341,0.937341,828312845,0.936762,0.954662,0.928201
21-04-2022,0.937272,0.969453,0.896912,0.910474,0.910474,871111347,0.953325,0.974735,0.93251
22-04-2022,0.910335,0.923741,0.893973,0.907154,0.907154,725788912,0.937272,0.969453,0.896912
23-04-2022,0.907185,0.910614,0.88466,0.888503,0.888503,447997661,0.910335,0.923741,0.893973
24-04-2022,0.888279,0.897855,0.881857,0.88635,0.88635,487629549,0.907185,0.910614,0.88466
25-04-2022,0.886378,0.901707,0.830232,0.898695,0.898695,1139869029,0.888279,0.897855,0.881857
26-04-2022,0.898577,0.901137,0.821011,0.827645,0.827645,1020049782,0.886378,0.901707,0.830232
27-04-2022,0.827541,0.853942,0.82259,0.840595,0.840595,927312593,0.898577,0.901137,0.821011
28-04-2022,0.840615,0.852062,0.827689,0.84395,0.84395,836357358,0.827541,0.853942,0.82259
29-04-2022,0.84393,0.8487,0.793686,0.805043,0.805043,874797260,0.840615,0.852062,0.827689
30-04-2022,0.805056,0.817048,0.742359,0.75666,0.75666,868001173,0.84393,0.8487,0.793686
01-05-2022,0.756701,0.799425,0.749655,0.790344,0.790344,928448231,0.805056,0.817048,0.742359
02-05-2022,0.790279,0.795818,0.766198,0.781529,0.781529,805325174,0.756701,0.799425,0.749655
03-05-2022,0.78143,0.798589,0.762068,0.771145,0.771145,649650331,0.790279,0.795818,0.766198
04-05-2022,0.771107,0.897661,0.769638,0.896942,0.896942,1516023155,0.78143,0.798589,0.762068
05-05-2022,0.897061,0.904111,0.778141,0.791152,0.791152,1802128590,0.771107,0.897661,0.769638
06-05-2022,0.791065,0.798315,0.765742,0.783359,0.783359,1312283636,0.897061,0.904111,0.778141
07-05-2022,0.783352,0.785116,0.750657,0.761882,0.761882,801558914,0.791065,0.798315,0.765742
08-05-2022,0.762053,0.763869,0.729272,0.739563,0.739563,1085127147,0.783352,0.785116,0.750657
09-05-2022,0.739509,0.753233,0.610088,0.610088,0.610088,2306123277,0.762053,0.763869,0.729272
10-05-2022,0.609972,0.69852,0.590688,0.628963,0.628963,2372592084,0.739509,0.753233,0.610088
11-05-2022,0.628772,0.657571,0.48461,0.5128,0.5128,2692548110,0.609972,0.69852,0.590688
12-05-2022,0.512999,0.545498,0.406529,0.473746,0.473746,2798263564,0.628772,0.657571,0.48461
13-05-2022,0.473418,0.601088,0.469981,0.528877,0.528877,1946134960,0.512999,0.545498,0.406529
14-05-2022,0.528942,0.554225,0.491435,0.539358,0.539358,1178703676,0.473418,0.601088,0.469981
15-05-2022,0.539386,0.597884,0.516546,0.5975,0.5975,1090431332,0.528942,0.554225,0.491435
16-05-2022,0.597569,0.608465,0.547812,0.556716,0.556716,1291715346,0.539386,0.597884,0.516546
17-05-2022,0.556696,0.597886,0.554384,0.578077,0.578077,935138863,0.597569,0.608465,0.547812
18-05-2022,0.578057,0.584499,0.505615,0.505615,0.505615,933793601,0.556696,0.597886,0.554384
19-05-2022,0.505499,0.544249,0.495611,0.533321,0.533321,939230823,0.578057,0.584499,0.505615
20-05-2022,0.533364,0.543411,0.503138,0.517907,0.517907,722609837,0.505499,0.544249,0.495611
21-05-2022,0.517905,0.53639,0.511424,0.528314,0.528314,428041383,0.533364,0.543411,0.503138
22-05-2022,0.528344,0.547017,0.523393,0.542618,0.542618,489742264,0.517905,0.53639,0.511424
23-05-2022,0.542484,0.557805,0.509433,0.512605,0.512605,753004177,0.528344,0.547017,0.523393
24-05-2022,0.512687,0.524259,0.495957,0.521224,0.521224,678125877,0.542484,0.557805,0.509433
25-05-2022,0.521242,0.531462,0.508289,0.513877,0.513877,589015500,0.512687,0.524259,0.495957
26-05-2022,0.513953,0.520108,0.466368,0.480883,0.480883,909554798,0.521242,0.531462,0.508289
27-05-2022,0.480643,0.482871,0.447367,0.455507,0.455507,922413717,0.513953,0.520108,0.466368
28-05-2022,0.458176,0.467449,0.449708,0.464764,0.464764,448858644,0.480643,0.482871,0.447367
29-05-2022,0.464732,0.481841,0.45738,0.481126,0.481126,444269488,0.458176,0.467449,0.449708
30-05-2022,0.481134,0.574956,0.478083,0.570073,0.570073,1185015742,0.464732,0.481841,0.45738
31-05-2022,0.57,0.682313,0.569636,0.625254,0.625254,3269050143,0.481134,0.574956,0.478083
01-06-2022,0.625417,0.629977,0.540809,0.55275,0.55275,1404107650,0.57,0.682313,0.569636
02-06-2022,0.552636,0.595811,0.550444,0.587795,0.587795,1257661647,0.625417,0.629977,0.540809
03-06-2022,0.587836,0.60329,0.541486,0.559658,0.559658,910186327,0.552636,0.595811,0.550444
04-06-2022,0.559957,0.57057,0.548088,0.566069,0.566069,559861766,0.587836,0.60329,0.541486
05-06-2022,0.566091,0.579553,0.556398,0.56709,0.56709,478128224,0.559957,0.57057,0.548088
06-06-2022,0.567207,0.643452,0.566608,0.609328,0.609328,1417826128,0.566091,0.579553,0.556398
07-06-2022,0.60934,0.641993,0.574847,0.615445,0.615445,1450579665,0.567207,0.643452,0.566608
08-06-2022,0.615485,0.666099,0.610954,0.641614,0.641614,1636846100,0.60934,0.641993,0.574847
09-06-2022,0.641649,0.655216,0.627746,0.63292,0.63292,1166081755,0.615485,0.666099,0.610954
10-06-2022,0.632863,0.635083,0.573932,0.574216,0.574216,1170021356,0.641649,0.655216,0.627746
11-06-2022,0.574268,0.613661,0.546497,0.552777,0.552777,1232257018,0.632863,0.635083,0.573932
12-06-2022,0.552977,0.55993,0.496861,0.496861,0.496861,1474640183,0.574268,0.613661,0.546497
13-06-2022,0.4961,0.496463,0.439206,0.463133,0.463133,2551895485,0.552977,0.55993,0.496861
14-06-2022,0.463251,0.517403,0.438537,0.484386,0.484386,2241209963,0.4961,0.496463,0.439206
15-06-2022,0.48416,0.536792,0.450104,0.533296,0.533296,2335125416,0.463251,0.517403,0.438537
16-06-2022,0.533529,0.544017,0.469018,0.475022,0.475022,1226235066,0.48416,0.536792,0.450104
17-06-2022,0.475183,0.502739,0.473478,0.487392,0.487392,872710309,0.533529,0.544017,0.469018
18-06-2022,0.487367,0.494669,0.423419,0.456182,0.456182,1214101657,0.475183,0.502739,0.473478
19-06-2022,0.45597,0.487226,0.437213,0.484364,0.484364,1050008285,0.487367,0.494669,0.423419
20-06-2022,0.484403,0.507965,0.462886,0.492261,0.492261,1096263588,0.45597,0.487226,0.437213
21-06-2022,0.49227,0.509728,0.477318,0.479204,0.479204,1018828248,0.484403,0.507965,0.462886
22-06-2022,0.479506,0.480996,0.457943,0.458568,0.458568,818977392,0.49227,0.509728,0.477318
23-06-2022,0.458652,0.482221,0.45804,0.480292,0.480292,711554788,0.479506,0.480996,0.457943
24-06-2022,0.480199,0.508816,0.477045,0.499224,0.499224,945924412,0.458652,0.482221,0.45804
25-06-2022,0.499233,0.506943,0.479517,0.498946,0.498946,649820170,0.480199,0.508816,0.477045
26-06-2022,0.498876,0.524037,0.489426,0.489653,0.489653,842528877,0.499233,0.506943,0.479517
27-06-2022,0.489558,0.507615,0.47862,0.48579,0.48579,709992597,0.498876,0.524037,0.489426
28-06-2022,0.485571,0.496544,0.468228,0.469671,0.469671,724759074,0.489558,0.507615,0.47862
29-06-2022,0.469673,0.475916,0.460463,0.465509,0.465509,769352065,0.485571,0.496544,0.468228
30-06-2022,0.465602,0.466736,0.436185,0.458849,0.458849,903962268,0.469673,0.475916,0.460463
01-07-2022,0.459312,0.470312,0.44441,0.448089,0.448089,796619668,0.465602,0.466736,0.436185
02-07-2022,0.44818,0.460592,0.442332,0.456351,0.456351,494852064,0.459312,0.470312,0.44441
03-07-2022,0.456321,0.458882,0.444546,0.455587,0.455587,439469536,0.44818,0.460592,0.442332
04-07-2022,0.455612,0.473209,0.445301,0.469644,0.469644,808524892,0.456321,0.458882,0.444546
05-07-2022,0.469569,0.470673,0.44544,0.457632,0.457632,766706338,0.455612,0.473209,0.445301
06-07-2022,0.457668,0.464291,0.449115,0.462179,0.462179,622551308,0.469569,0.470673,0.44544
07-07-2022,0.46221,0.481945,0.461557,0.477812,0.477812,619107061,0.457668,0.464291,0.449115
08-07-2022,0.477817,0.490917,0.461916,0.467311,0.467311,827327238,0.46221,0.481945,0.461557
09-07-2022,0.46729,0.484265,0.466491,0.47876,0.47876,666827059,0.477817,0.490917,0.461916
10-07-2022,0.478771,0.479429,0.457067,0.46322,0.46322,612314122,0.46729,0.484265,0.466491
11-07-2022,0.463181,0.463181,0.433865,0.43552,0.43552,737643033,0.478771,0.479429,0.457067
12-07-2022,0.435581,0.440906,0.417435,0.417928,0.417928,707915451,0.463181,0.463181,0.433865
13-07-2022,0.417881,0.43973,0.406437,0.438108,0.438108,977278539,0.435581,0.440906,0.417435
14-07-2022,0.438057,0.444419,0.417741,0.441025,0.441025,861474952,0.417881,0.43973,0.406437
15-07-2022,0.441115,0.45156,0.433968,0.442456,0.442456,739541229,0.438057,0.444419,0.417741
16-07-2022,0.442445,0.457927,0.432458,0.45723,0.45723,653009372,0.441115,0.45156,0.433968
17-07-2022,0.458019,0.464971,0.450772,0.455684,0.455684,729048576,0.442445,0.457927,0.432458
