Date,Open,High,Low,Close,Adj Close,Volume,Previous_open,Previous_high,Previous_low,,
17-07-2021,302.934845,306.530853,295.387482,300.497925,300.497925,1298507379,,,,,
18-07-2021,300.595978,309.114258,299.97226,302.480499,302.480499,1254819647,302.934845,306.530853,295.387482,,
19-07-2021,302.268219,303.829193,279.708527,280.018616,280.018616,1514754521,300.595978,309.114258,299.97226,,
20-07-2021,280.564972,283.206146,255.850754,264.782379,264.782379,1819454491,302.268219,303.829193,279.708527,,
21-07-2021,264.494751,298.791748,261.226379,292.531372,292.531372,1957623339,280.564972,283.206146,255.850754,,
22-07-2021,293.14267,298.4039,287.733368,293.641144,293.641144,1495118544,264.494751,298.791748,261.226379,,
23-07-2021,293.601318,300.993774,281.696106,299.28299,299.28299,1849700307,293.14267,298.4039,287.733368,,
24-07-2021,299.047852,307.840515,296.111511,302.071869,302.071869,1644709273,293.601318,300.993774,281.696106,,
25-07-2021,301.846619,304.057892,292.890625,302.436157,302.436157,1351522797,299.047852,307.840515,296.111511,,
26-07-2021,302.73288,327.635284,301.097412,304.478241,304.478241,2572081528,301.846619,304.057892,292.890625,,
27-07-2021,304.124268,318.371826,298.481812,313.6026,313.6026,1870220991,302.73288,327.635284,301.097412,,
28-07-2021,314.055115,318.442291,308.22345,313.42865,313.42865,1626648048,304.124268,318.371826,298.481812,,
29-07-2021,313.619232,319.759003,309.144531,316.749451,316.749451,1384576144,314.055115,318.442291,308.22345,,
30-07-2021,317.064087,325.250122,307.009766,322.909363,322.909363,1588918308,313.619232,319.759003,309.144531,,
31-07-2021,322.538879,338.025146,317.685913,333.549591,333.549591,1717984015,317.064087,325.250122,307.009766,,
01-08-2021,332.292694,347.417603,329.341736,333.484009,333.484009,1788390755,322.538879,338.025146,317.685913,,
02-08-2021,332.923218,338.042328,326.415283,331.103119,331.103119,1348495243,332.292694,347.417603,329.341736,,
03-08-2021,330.87204,334.634979,318.062836,322.747742,322.747742,1365471563,332.923218,338.042328,326.415283,,
04-08-2021,323.506073,336.967468,320.04126,334.918793,334.918793,1279262186,330.87204,334.634979,318.062836,,
05-08-2021,334.91272,340.048431,323.897095,337.873871,337.873871,1551187442,323.506073,336.967468,320.04126,,
06-08-2021,337.947968,347.042969,331.659668,342.136993,342.136993,1623970506,334.91272,340.048431,323.897095,,
07-08-2021,342.376434,359.750214,340.593842,355.741364,355.741364,1903003766,337.947968,347.042969,331.659668,,
08-08-2021,356.266541,359.738617,337.252716,342.064758,342.064758,1547133821,342.376434,359.750214,340.593842,,
09-08-2021,341.91629,357.399323,333.671448,354.966827,354.966827,1648422571,356.266541,359.738617,337.252716,,
10-08-2021,354.449615,375.722931,349.313324,371.954376,371.954376,2150475826,341.91629,357.399323,333.671448,,
11-08-2021,372.093719,408.58902,371.216217,391.75705,391.75705,2542670896,354.449615,375.722931,349.313324,,
12-08-2021,391.405273,406.091553,372.220215,385.81897,385.81897,2217067872,372.093719,408.58902,371.216217,,
13-08-2021,386.044067,411.170532,383.216766,410.944885,410.944885,1724229835,391.405273,406.091553,372.220215,,
14-08-2021,410.783539,418.921265,400.752045,409.034485,409.034485,2023364348,386.044067,411.170532,383.216766,,
15-08-2021,408.982208,414.931,396.865204,414.595032,414.595032,1826134192,410.783539,418.921265,400.752045,,
16-08-2021,414.357666,436.618408,411.12326,417.470856,417.470856,2620571467,408.982208,414.931,396.865204,,
17-08-2021,416.069122,435.723206,399.745911,401.908905,401.908905,2572609791,414.357666,436.618408,411.12326,,
18-08-2021,401.88205,412.306244,387.815887,398.251465,398.251465,2288117050,416.069122,435.723206,399.745911,,
19-08-2021,396.494385,431.260223,391.495056,430.988861,430.988861,2549215331,401.88205,412.306244,387.815887,,
20-08-2021,430.975037,457.603729,422.08017,454.93631,454.93631,2451578694,396.494385,431.260223,391.495056,,
21-08-2021,455.133392,460.255707,444.977661,448.920258,448.920258,2120660728,430.975037,457.603729,422.08017,,
22-08-2021,449.225616,458.402893,439.168213,449.053497,449.053497,1826865701,455.133392,460.255707,444.977661,,
23-08-2021,449.105469,509.342712,447.666382,499.890594,499.890594,3857489743,449.225616,458.402893,439.168213,,
24-08-2021,500.217712,504.102325,461.755981,471.595459,471.595459,2978438301,449.105469,509.342712,447.666382,,
25-08-2021,472.202026,506.295166,470.639221,502.786255,502.786255,3289398273,500.217712,504.102325,461.755981,,
26-08-2021,503.55249,518.756348,472.031769,479.006104,479.006104,3277913533,472.202026,506.295166,470.639221,,
27-08-2021,478.630157,495.012329,467.901184,494.498688,494.498688,2563319587,503.55249,518.756348,472.031769,,
28-08-2021,494.670624,496.885406,483.324249,486.19693,486.19693,1676741698,478.630157,495.012329,467.901184,,
29-08-2021,486.208588,495.6763,477.200806,480.28302,480.28302,1763538464,494.670624,496.885406,483.324249,,
30-08-2021,480.289948,481.131653,458.15329,459.490753,459.490753,2007036766,486.208588,495.6763,477.200806,,
31-08-2021,460.623993,477.282227,452.485168,464.418732,464.418732,2378049328,480.289948,481.131653,458.15329,,
01-09-2021,464.272919,490.068726,455.758087,490.068726,490.068726,2303587593,460.623993,477.282227,452.485168,,
02-09-2021,489.859894,504.54126,480.036896,483.921051,483.921051,2324361979,464.272919,490.068726,455.758087,,
03-09-2021,483.756592,494.395203,475.225891,488.604706,488.604706,2051522050,489.859894,504.54126,480.036896,,
04-09-2021,488.407013,510.057648,485.85611,498.07843,498.07843,2310249697,483.756592,494.395203,475.225891,,
05-09-2021,497.704865,505.116699,489.474915,504.619873,504.619873,1899639214,488.407013,510.057648,485.85611,,
06-09-2021,504.69809,508.822235,488.678955,495.925018,495.925018,2206397359,497.704865,505.116699,489.474915,,
07-09-2021,496.036346,504.603149,372.302948,417.508789,417.508789,4471687569,504.69809,508.822235,488.678955,,
08-09-2021,417.918884,425.493561,384.231445,415.113159,415.113159,2940929033,496.036346,504.603149,372.302948,,
09-09-2021,405.580597,435.717407,404.521149,421.27002,421.27002,2392139922,417.918884,425.493561,384.231445,,
10-09-2021,421.26889,438.92218,394.062836,401.621796,401.621796,2306735739,405.580597,435.717407,404.521149,,
11-09-2021,401.263489,415.357025,400.299255,405.527374,405.527374,1567255682,421.26889,438.92218,394.062836,,
12-09-2021,405.39917,421.207581,398.032135,416.683228,416.683228,1671909230,401.263489,415.357025,400.299255,,
13-09-2021,416.7966,419.282013,385.376038,399.063446,399.063446,2194763765,405.39917,421.207581,398.032135,,
14-09-2021,399.206787,414.31955,396.416077,414.236237,414.236237,1598465255,416.7966,419.282013,385.376038,,
15-09-2021,414.4935,436.416351,410.453949,431.423035,431.423035,1838828414,399.206787,414.31955,396.416077,,
16-09-2021,431.290588,433.19278,416.176239,424.649231,424.649231,1720989872,414.4935,436.416351,410.453949,,
17-09-2021,424.403564,425.766235,401.842041,406.632813,406.632813,1516642578,431.290588,433.19278,416.176239,,
18-09-2021,406.462433,420.001984,401.778442,410.809296,410.809296,1310349981,424.403564,425.766235,401.842041,,
19-09-2021,410.603119,419.182587,403.718628,408.471649,408.471649,1243314915,406.462433,420.001984,401.778442,,
20-09-2021,408.51355,409.643311,357.273315,361.965912,361.965912,2344102082,410.603119,419.182587,403.718628,,
21-09-2021,364.053528,375.666107,339.014343,344.534607,344.534607,2045164899,408.51355,409.643311,357.273315,,
22-09-2021,343.665405,380.008453,342.680054,379.440338,379.440338,1678913732,364.053528,375.666107,339.014343,,
23-09-2021,379.15567,384.777222,369.652008,383.820404,383.820404,1576382603,343.665405,380.008453,342.680054,,
24-09-2021,383.806305,385.319275,335.506195,355.316284,355.316284,2081157733,379.15567,384.777222,369.652008,,
25-09-2021,355.407379,360.630066,344.190918,349.880096,349.880096,1388464569,383.806305,385.319275,335.506195,,
26-09-2021,349.880676,352.698151,320.368744,344.181763,344.181763,1958526741,355.407379,360.630066,344.190918,,
27-09-2021,344.651703,357.292999,335.790466,336.191223,336.191223,1507056912,349.880676,352.698151,320.368744,,
28-09-2021,335.807556,344.275574,330.073853,333.032593,333.032593,1294330921,344.651703,357.292999,335.790466,,
29-09-2021,333.397919,375.006866,331.448517,367.989594,367.989594,2385693434,335.807556,344.275574,330.073853,,
30-09-2021,367.786011,388.268768,366.644257,387.057343,387.057343,1796235646,333.397919,375.006866,331.448517,,
01-10-2021,387.635986,423.344269,382.131378,421.643188,421.643188,2162493378,367.786011,388.268768,366.644257,,
02-10-2021,421.477081,438.107025,411.03833,428.098328,428.098328,1740937420,387.635986,423.344269,382.131378,,
03-10-2021,427.351105,437.100372,421.938873,430.50882,430.50882,1470899248,421.477081,438.107025,411.03833,,
04-10-2021,430.584503,430.725586,411.952148,425.748901,425.748901,1647171955,427.351105,437.100372,421.938873,,
05-10-2021,426.214203,443.914246,424.114349,442.706146,442.706146,1526827785,430.584503,430.725586,411.952148,,
06-10-2021,442.40625,442.479309,415.667725,435.401367,435.401367,2006344571,426.214203,443.914246,424.114349,,
07-10-2021,434.961914,449.935883,424.309174,438.761749,438.761749,1962989705,442.40625,442.479309,415.667725,,
08-10-2021,438.47525,441.513794,416.706024,419.102051,419.102051,2678048368,434.961914,449.935883,424.309174,,
09-10-2021,418.755981,425.974823,416.823853,421.549469,421.549469,1404867667,438.47525,441.513794,416.706024,,
10-10-2021,421.795685,422.050415,402.829254,405.069305,405.069305,1437068558,418.755981,425.974823,416.823853,,
11-10-2021,404.527466,423.55011,401.221252,413.456207,413.456207,1473121389,421.795685,422.050415,402.829254,,
12-10-2021,413.486755,443.867523,392.57077,443.867523,443.867523,3142304145,404.527466,423.55011,401.221252,,
13-10-2021,444.40564,471.656921,434.446625,470.749695,470.749695,5149146903,413.486755,443.867523,392.57077,,
14-10-2021,470.538666,482.644867,461.855347,472.0224,472.0224,2486819344,444.40564,471.656921,434.446625,,
15-10-2021,472.600403,476.755951,453.900085,473.702637,473.702637,2804538828,470.538666,482.644867,461.855347,,
16-10-2021,473.99469,483.5578,463.511475,465.642456,465.642456,1904086807,472.600403,476.755951,453.900085,,
17-10-2021,465.722107,472.298004,455.405182,470.625549,470.625549,1646437501,473.99469,483.5578,463.511475,,
18-10-2021,470.914429,487.499695,467.584778,485.111023,485.111023,1999805026,465.722107,472.298004,455.405182,,
19-10-2021,485.099426,497.258331,481.973633,488.148865,488.148865,1844483840,470.914429,487.499695,467.584778,,
20-10-2021,488.053833,505.267944,482.246033,501.020325,501.020325,1890415594,485.099426,497.258331,481.973633,,
21-10-2021,501.347839,504.648621,467.422363,471.256927,471.256927,3081793454,488.053833,505.267944,482.246033,,
22-10-2021,470.959381,498.014191,470.959381,478.643158,478.643158,1962748496,501.347839,504.648621,467.422363,,
23-10-2021,478.942261,485.906433,473.112579,485.906433,485.906433,1170864603,470.959381,498.014191,470.959381,,
24-10-2021,485.990143,486.802704,468.198212,476.633118,476.633118,1246191889,478.942261,485.906433,473.112579,,
25-10-2021,475.924255,488.894318,474.872162,484.645081,484.645081,1337787876,485.990143,486.802704,468.198212,,
26-10-2021,484.706879,489.77417,475.286285,478.025055,478.025055,1486193826,475.924255,488.894318,474.872162,,
27-10-2021,478.121063,486.167511,440.445007,449.007996,449.007996,2340091135,484.706879,489.77417,475.286285,,
28-10-2021,448.885834,494.914886,447.61972,492.015533,492.015533,2626956133,478.121063,486.167511,440.445007,,
29-10-2021,492.432556,533.475403,488.872162,529.622131,529.622131,2667451365,448.885834,494.914886,447.61972,,
30-10-2021,529.822693,539.938843,511.931305,527.921204,527.921204,2194893915,492.432556,533.475403,488.872162,,
31-10-2021,528.547302,534.770935,510.56546,524.364441,524.364441,2076289915,529.822693,539.938843,511.931305,,
01-11-2021,524.73822,552.073669,512.17627,551.25592,551.25592,2535579529,528.547302,534.770935,510.56546,,
02-11-2021,551.747559,564.022705,538.399963,554.447632,554.447632,2401108112,524.73822,552.073669,512.17627,,
03-11-2021,554.557373,570.259338,538.531006,568.578796,568.578796,2567651316,551.747559,564.022705,538.399963,,
04-11-2021,568.578125,569.121277,544.876831,559.737305,559.737305,2260479871,554.557373,570.259338,538.531006,,
05-11-2021,559.390503,615.580872,555.056091,608.648071,608.648071,3675930507,568.578125,569.121277,544.876831,,
06-11-2021,608.263489,636.113953,596.764465,636.113953,636.113953,2779927044,559.390503,615.580872,555.056091,,
07-11-2021,638.186035,669.345825,632.079285,650.454041,650.454041,3017167868,608.263489,636.113953,596.764465,,
08-11-2021,650.467407,655.713684,632.687073,654.315002,654.315002,2828112534,638.186035,669.345825,632.079285,,
09-11-2021,654.000366,657.040588,632.331665,635.190613,635.190613,2198989754,650.467407,655.713684,632.687073,,
10-11-2021,635.038391,662.306519,578.07428,615.278076,615.278076,3653998344,654.000366,657.040588,632.331665,,
11-11-2021,615.4552,634.844421,606.40918,629.892334,629.892334,2341652507,635.038391,662.306519,578.07428,,
12-11-2021,629.144226,634.520569,604.16272,626.642517,626.642517,2209163398,615.4552,634.844421,606.40918,,
13-11-2021,627.07959,655.320862,620.58783,650.104126,650.104126,2106170805,629.144226,634.520569,604.16272,,
14-11-2021,650.062256,659.992676,634.5495,650.918091,650.918091,2101401990,627.07959,655.320862,620.58783,,
15-11-2021,650.943115,660.044189,631.942261,633.048645,633.048645,2146877925,650.062256,659.992676,634.5495,,
16-11-2021,634.947632,635.260376,574.180115,589.822876,589.822876,3772957260,650.943115,660.044189,631.942261,,
17-11-2021,589.328064,593.108093,554.321411,578.092773,578.092773,2704847734,634.947632,635.260376,574.180115,,
18-11-2021,578.034851,587.91272,518.423096,532.23761,532.23761,2917116815,589.328064,593.108093,554.321411,,
19-11-2021,531.505127,585.899475,525.241516,581.530823,581.530823,2481119529,578.034851,587.91272,518.423096,,
20-11-2021,581.478516,604.884216,574.022766,603.840027,603.840027,2336197759,531.505127,585.899475,525.241516,,
21-11-2021,604.408997,605.177124,580.587097,585.29425,585.29425,2055539646,581.478516,604.884216,574.022766,,
22-11-2021,584.815796,585.148499,554.270264,559.127014,559.127014,2251971535,604.408997,605.177124,580.587097,,
23-11-2021,559.57019,605.090454,559.041626,591.439575,591.439575,2927434189,584.815796,585.148499,554.270264,,
24-11-2021,591.195557,594.830994,577.508362,581.395325,581.395325,2917418688,559.57019,605.090454,559.041626,,
25-11-2021,590.356995,646.958801,587.859802,603.730225,603.730225,2537227998,591.195557,594.830994,577.508362,,
26-11-2021,639.003601,657.512939,566.533142,585.147339,585.147339,4254504824,590.356995,646.958801,587.859802,,
27-11-2021,587.103333,621.386658,584.794312,600.336792,600.336792,2485529516,639.003601,657.512939,566.533142,,
28-11-2021,601.006409,612.737549,574.55127,611.366821,611.366821,2731676788,587.103333,621.386658,584.794312,,
29-11-2021,611.762634,628.496887,602.442932,624.310059,624.310059,2425803182,601.006409,612.737549,574.55127,,
30-11-2021,623.95697,635.129517,604.867615,622.669861,622.669861,2781531694,611.762634,628.496887,602.442932,,
01-12-2021,621.812866,650.253174,619.197205,627.971558,627.971558,2806563703,623.95697,635.129517,604.867615,,
02-12-2021,627.571838,629.884949,606.647827,619.470154,619.470154,2378758113,621.812866,650.253174,619.197205,,
03-12-2021,620.299011,628.316345,579.845215,594.635986,594.635986,2483348354,627.571838,629.884949,606.647827,,
04-12-2021,596.148682,596.148682,495.132263,569.077271,569.077271,4458419873,620.299011,628.316345,579.845215,,
05-12-2021,568.651428,581.80658,543.635559,557.783081,557.783081,2394235567,596.148682,596.148682,495.132263,,
06-12-2021,557.949768,593.383728,534.263672,589.256165,589.256165,3567503629,568.651428,581.80658,543.635559,,
07-12-2021,589.110779,593.799255,573.338501,579.68988,579.68988,2112954675,557.949768,593.383728,534.263672,,
08-12-2021,579.182678,607.780884,567.616211,607.592773,607.592773,2245501623,589.110779,593.799255,573.338501,,
09-12-2021,606.635925,616.647339,568.039551,571.648987,571.648987,2132955304,579.182678,607.780884,567.616211,,
10-12-2021,570.981018,594.597229,551.73584,552.966858,552.966858,2089946472,606.635925,616.647339,568.039551,,
11-12-2021,553.671082,572.191528,542.565674,564.32251,564.32251,1824951693,570.981018,594.597229,551.73584,,
12-12-2021,564.141418,574.185059,559.515259,570.823975,570.823975,1307635490,553.671082,572.191528,542.565674,,
13-12-2021,571.177429,572.882385,511.998474,521.011597,521.011597,1900967743,564.141418,574.185059,559.515259,,
14-12-2021,520.631714,536.297668,510.420776,511.22937,511.22937,2232411089,571.177429,572.882385,511.998474,,
15-12-2021,528.42804,546.578125,503.037476,541.026978,541.026978,2079796859,520.631714,536.297668,510.420776,,
16-12-2021,541.403809,545.151978,525.121643,526.246521,526.246521,1500825557,528.42804,546.578125,503.037476,,
17-12-2021,526.148804,535.428284,511.7005,525.706299,525.706299,1804795681,541.403809,545.151978,525.121643,,
18-12-2021,526.172363,537.81842,517.323853,533.891357,533.891357,1294574825,526.148804,535.428284,511.7005,,
19-12-2021,534.018494,543.750793,527.772705,529.972046,529.972046,1199582659,526.172363,537.81842,517.323853,,
20-12-2021,529.728027,534.780212,506.370361,523.162476,523.162476,1467380399,534.018494,543.750793,527.772705,,
21-12-2021,523.388428,535.10614,517.760254,528.710999,528.710999,1461697111,529.728027,534.780212,506.370361,,
22-12-2021,528.772766,544.647095,527.638855,533.644958,533.644958,1597323976,523.388428,535.10614,517.760254,,
23-12-2021,533.718323,552.528687,524.781067,548.72583,548.72583,1867124970,528.772766,544.647095,527.638855,,
24-12-2021,549.002258,554.125061,538.233704,541.902039,541.902039,1677259160,533.718323,552.528687,524.781067,,
25-12-2021,542.467102,550.865967,540.54541,547.326233,547.326233,1305388019,549.002258,554.125061,538.233704,,
26-12-2021,547.324158,549.410034,537.461731,546.994995,546.994995,1576727325,542.467102,550.865967,540.54541,,
27-12-2021,546.507874,571.548889,543.506348,562.641479,562.641479,2180356553,547.324158,549.410034,537.461731,,
28-12-2021,563.590332,563.590332,530.059937,534.92804,534.92804,2791585162,546.507874,571.548889,543.506348,,
29-12-2021,534.850037,540.615784,511.745331,514.000793,514.000793,2159325741,563.590332,563.590332,530.059937,,
30-12-2021,514.570251,527.568298,509.003479,518.909729,518.909729,1950603827,534.850037,540.615784,511.745331,,
31-12-2021,519.123047,527.697327,507.885712,511.708313,511.708313,2020489898,514.570251,527.568298,509.003479,,
01-01-2022,511.91037,527.352722,511.903534,527.352722,527.352722,1622547014,519.123047,527.697327,507.885712,,
02-01-2022,527.291626,533.371033,518.75354,531.396667,531.396667,1462276185,511.91037,527.352722,511.903534,,
03-01-2022,531.388855,532.095581,510.652161,512.135986,512.135986,1949153130,527.291626,533.371033,518.75354,,
04-01-2022,512.13031,519.70166,503.215363,507.506104,507.506104,2200879165,531.388855,532.095581,510.652161,,
05-01-2022,507.597809,515.239197,462.057556,475.056946,475.056946,2870757788,512.13031,519.70166,503.215363,,
06-01-2022,475.079071,481.062836,460.248505,473.275604,473.275604,4400228627,507.597809,515.239197,462.057556,,
07-01-2022,473.000061,474.296204,439.26001,447.788483,447.788483,4613172287,475.079071,481.062836,460.248505,,
08-01-2022,447.856812,458.483795,419.195465,430.246155,430.246155,4068139021,473.000061,474.296204,439.26001,,
09-01-2022,430.253113,444.493256,428.239502,438.80307,438.80307,3347862691,447.856812,458.483795,419.195465,,
10-01-2022,438.785645,445.036163,408.698792,424.933777,424.933777,4156063326,430.253113,444.493256,428.239502,,
11-01-2022,424.891205,467.281067,422.000916,463.518311,463.518311,4600615710,438.785645,445.036163,408.698792,,
12-01-2022,463.562744,489.327301,457.116119,487.007416,487.007416,4131335431,424.891205,467.281067,422.000916,,
13-01-2022,487.042572,488.211243,467.87561,475.029114,475.029114,4151007744,463.562744,489.327301,457.116119,,
14-01-2022,475.127197,491.660645,468.939606,489.867432,489.867432,3112235914,487.042572,488.211243,467.87561,,
15-01-2022,489.917999,501.311127,486.305908,494.988068,494.988068,1766015929,475.127197,491.660645,468.939606,,
16-01-2022,494.924103,505.300964,489.502136,498.427917,498.427917,1771927950,489.917999,501.311127,486.305908,,
17-01-2022,498.506165,498.943909,468.576508,475.709869,475.709869,2134608006,494.924103,505.300964,489.502136,,
18-01-2022,475.73642,479.662109,458.152466,472.005066,472.005066,2106859289,498.506165,498.943909,468.576508,,
19-01-2022,471.917206,472.774292,454.758606,462.822083,462.822083,1780063381,475.73642,479.662109,458.152466,,
20-01-2022,462.856964,478.353943,439.978058,440.005432,440.005432,1881741995,471.917206,472.774292,454.758606,,
21-01-2022,440.067139,444.180237,376.770172,383.073914,383.073914,3647221590,462.856964,478.353943,439.978058,,
22-01-2022,383.474548,388.911987,340.05481,358.096161,358.096161,4226932408,440.067139,444.180237,376.770172,,
23-01-2022,358.326599,388.593903,357.170654,383.93396,383.93396,2786834863,383.474548,388.911987,340.05481,,
24-01-2022,384.040619,384.040619,337.853943,371.368958,371.368958,3210871602,358.326599,388.593903,357.170654,,
25-01-2022,371.386841,387.176849,358.083557,384.619354,384.619354,2325661159,384.040619,384.040619,337.853943,,
26-01-2022,384.586243,400.152069,367.575104,375.755463,375.755463,2226973227,371.386841,387.176849,358.083557,,
27-01-2022,375.542175,391.804382,360.331696,390.088287,390.088287,1952844398,384.586243,400.152069,367.575104,,
28-01-2022,390.000671,393.37558,376.752167,386.084381,386.084381,1592850476,375.542175,391.804382,360.331696,,
29-01-2022,386.065735,396.772278,381.683777,389.132782,389.132782,1330610935,390.000671,393.37558,376.752167,,
30-01-2022,389.202209,389.247192,373.036285,377.612915,377.612915,1289330238,386.065735,396.772278,381.683777,,
31-01-2022,377.648987,384.977386,366.11203,375.277313,375.277313,1386778184,389.202209,389.247192,373.036285,,
01-02-2022,375.099182,387.767548,374.326843,385.463806,385.463806,1392647608,377.648987,384.977386,366.11203,,
02-02-2022,385.48877,386.114716,366.895386,367.47168,367.47168,1290849744,375.099182,387.767548,374.326843,,
03-02-2022,367.37085,370.877747,360.491333,370.877747,370.877747,1202744039,385.48877,386.114716,366.895386,,
04-02-2022,370.710846,399.216522,369.817627,399.029602,399.029602,1711084752,367.37085,370.877747,360.491333,,
05-02-2022,399.148865,430.347778,396.933716,414.200012,414.200012,2039010962,370.710846,399.216522,369.817627,,
06-02-2022,414.217255,421.113434,408.613068,419.545563,419.545563,1427593921,399.148865,430.347778,396.933716,,
07-02-2022,419.666443,438.641571,414.249725,433.229279,433.229279,1755674427,414.217255,421.113434,408.613068,,
08-02-2022,433.459106,444.288605,407.164307,408.776764,408.776764,2247004672,419.666443,438.641571,414.249725,,
09-02-2022,408.516907,427.393524,407.949799,422.465546,422.465546,1601745132,433.459106,444.288605,407.164307,,
10-02-2022,422.514038,434.171448,411.245483,415.119232,415.119232,2037888603,408.516907,427.393524,407.949799,,
11-02-2022,415.187195,419.286011,393.977325,400.422394,400.422394,1714654174,422.514038,434.171448,411.245483,,
12-02-2022,400.499023,407.13974,394.7995,403.38974,403.38974,1372516416,415.187195,419.286011,393.977325,,
13-02-2022,403.271576,406.712769,395.655334,398.88678,398.88678,1151509777,400.499023,407.13974,394.7995,,
14-02-2022,398.643127,403.934479,391.383667,403.660797,403.660797,1269083662,403.271576,406.712769,395.655334,,
15-02-2022,403.664215,436.248108,403.09494,432.409393,432.409393,2538883559,398.643127,403.934479,391.383667,,
16-02-2022,432.491943,433.428741,423.078247,427.918121,427.918121,1670788158,403.664215,436.248108,403.09494,,
17-02-2022,427.549927,431.018372,400.806671,402.450043,402.450043,1644013199,432.491943,433.428741,423.078247,,
18-02-2022,402.649841,410.942932,393.816284,399.569183,399.569183,1554511893,427.549927,431.018372,400.806671,,
19-02-2022,399.521423,406.380951,393.933655,400.043579,400.043579,1192395484,402.649841,410.942932,393.816284,,
20-02-2022,400.003387,400.131439,376.007965,380.825928,380.825928,1431745519,399.521423,406.380951,393.933655,,
21-02-2022,380.736542,393.624084,356.184967,356.661255,356.661255,2164511484,400.003387,400.131439,376.007965,,
22-02-2022,356.725464,374.859344,350.147583,374.307465,374.307465,2037210077,380.736542,393.624084,356.184967,,
23-02-2022,374.299286,383.24762,366.53949,366.53949,366.53949,1644707704,356.725464,374.859344,350.147583,,
24-02-2022,366.349182,368.168518,324.483673,361.23465,361.23465,2972951900,374.299286,383.24762,366.53949,,
25-02-2022,361.216003,376.802612,357.366547,374.914948,374.914948,1839035023,366.349182,368.168518,324.483673,,
26-02-2022,374.88858,385.210327,371.475037,373.638763,373.638763,1319208551,361.216003,376.802612,357.366547,,
27-02-2022,373.599976,380.959076,359.625519,360.531036,360.531036,1600855952,374.88858,385.210327,371.475037,,
28-02-2022,360.382172,396.457336,356.617584,395.612427,395.612427,1868349380,373.599976,380.959076,359.625519,,
01-03-2022,395.624115,418.48996,391.329224,408.4823,408.4823,2885318336,360.382172,396.457336,356.617584,,
02-03-2022,408.518524,414.912842,404.53479,409.000305,409.000305,2045870796,395.624115,418.48996,391.329224,,
03-03-2022,409.032745,412.800598,397.906342,402.55069,402.55069,1598018507,408.518524,414.912842,404.53479,,
04-03-2022,402.575195,402.916718,372.868408,374.280884,374.280884,1740563403,409.032745,412.800598,397.906342,,
05-03-2022,374.44165,386.844055,368.17572,384.873352,384.873352,1321262776,402.575195,402.916718,372.868408,,
06-03-2022,384.911804,387.164093,373.017944,375.0112,375.0112,1305295273,374.44165,386.844055,368.17572,,
07-03-2022,375.071594,384.417572,364.431366,381.344635,381.344635,2058321705,384.911804,387.164093,373.017944,,
08-03-2022,381.254761,387.629791,377.705566,381.958557,381.958557,1684540144,375.071594,384.417572,364.431366,,
09-03-2022,382.042633,402.028076,381.840546,393.555756,393.555756,2425559108,381.254761,387.629791,377.705566,,
10-03-2022,393.480377,394.404114,364.087891,372.159027,372.159027,2105808203,382.042633,402.028076,381.840546,,
11-03-2022,372.196136,379.571716,365.608276,372.184052,372.184052,1550840418,393.480377,394.404114,364.087891,,
12-03-2022,372.186188,379.195648,372.126862,372.730377,372.730377,1211417865,372.196136,379.571716,365.608276,,
13-03-2022,372.608887,376.928406,361.150879,361.849823,361.849823,1242011950,372.186188,379.195648,372.126862,,
14-03-2022,361.834534,373.609528,360.301849,373.466156,373.466156,1455465550,372.608887,376.928406,361.150879,,
15-03-2022,373.472412,374.333282,362.684753,371.628845,371.628845,1360640456,361.834534,373.609528,360.301849,,
16-03-2022,371.542786,386.363251,368.481659,385.528229,385.528229,1788844135,373.472412,374.333282,362.684753,,
17-03-2022,385.459564,392.870422,382.161469,391.824738,391.824738,1635657390,371.542786,386.363251,368.481659,,
18-03-2022,391.778778,399.923523,384.248322,397.645508,397.645508,1666543771,385.459564,392.870422,382.161469,,
19-03-2022,397.561646,406.003723,395.414795,399.853546,399.853546,1532550954,391.778778,399.923523,384.248322,,
20-03-2022,399.919739,400.610718,386.766724,390.768372,390.768372,1334193471,397.561646,406.003723,395.414795,,
21-03-2022,390.738953,398.961731,386.561371,396.447815,396.447815,1657341491,399.919739,400.610718,386.766724,,
22-03-2022,396.355591,409.642548,395.575745,404.314941,404.314941,1795119554,390.738953,398.961731,386.561371,,
23-03-2022,404.327271,411.029572,398.855865,408.609772,408.609772,1645651129,396.355591,409.642548,395.575745,,
24-03-2022,408.55426,416.505402,406.011566,414.126984,414.126984,1831451218,404.327271,411.029572,398.855865,,
25-03-2022,414.148254,421.153717,406.296051,410.811157,410.811157,1678265707,408.55426,416.505402,406.011566,,
26-03-2022,410.816254,416.317535,407.981262,415.9198,415.9198,1082240527,414.148254,421.153717,406.296051,,
27-03-2022,415.931366,431.025574,412.382904,430.503265,430.503265,1499505093,410.816254,416.317535,407.981262,,
28-03-2022,430.546814,440.728394,428.565216,430.390869,430.390869,2128699500,415.931366,431.025574,412.382904,,
29-03-2022,430.07489,441.507538,430.07489,434.505676,434.505676,1987696098,430.546814,440.728394,428.565216,,
30-03-2022,434.429718,448.947174,427.692078,442.684845,442.684845,2181737151,430.07489,441.507538,430.07489,,
31-03-2022,442.658875,451.96109,424.950287,428.916107,428.916107,2632534284,434.429718,448.947174,427.692078,,
01-04-2022,429.124023,446.796539,414.74939,446.604279,446.604279,2718206274,442.658875,451.96109,424.950287,,
02-04-2022,446.844208,453.558472,436.776703,436.955353,436.955353,2272901729,429.124023,446.796539,414.74939,,
03-04-2022,436.865814,455.228455,432.821716,450.348877,450.348877,2128734028,446.844208,453.558472,436.776703,,
04-04-2022,450.264557,450.432617,434.178009,447.524933,447.524933,2248856403,436.865814,455.228455,432.821716,,
05-04-2022,447.630035,459.805573,445.038605,445.172607,445.172607,2268650039,450.264557,450.432617,434.178009,,
06-04-2022,445.001129,445.027649,418.881134,420.146362,420.146362,2323241738,447.630035,459.805573,445.038605,,
07-04-2022,420.182648,438.293701,417.601044,436.796783,436.796783,2125042415,445.001129,445.027649,418.881134,,
08-04-2022,436.934509,440.642975,419.433289,421.677246,421.677246,1951923760,420.182648,438.293701,417.601044,,
09-04-2022,421.665344,428.020782,420.272552,427.153046,427.153046,1399108286,436.934509,440.642975,419.433289,,
10-04-2022,427.14975,429.364105,418.590668,418.590668,418.590668,1410282903,421.665344,428.020782,420.272552,,
11-04-2022,418.658447,419.490784,392.109924,394.086884,394.086884,2192782724,427.14975,429.364105,418.590668,,
12-04-2022,394.288788,416.635803,393.166809,413.873932,413.873932,2140526232,418.658447,419.490784,392.109924,,
13-04-2022,413.812653,424.335938,411.059265,423.130157,423.130157,1932053164,394.288788,416.635803,393.166809,,
14-04-2022,423.067017,426.80722,412.047119,414.663727,414.663727,1615484732,413.812653,424.335938,411.059265,,
15-04-2022,414.667114,419.796967,413.272614,417.293732,417.293732,1242920077,423.067017,426.80722,412.047119,,
16-04-2022,417.293884,418.6586,411.912903,417.478455,417.478455,1022481382,414.667114,419.796967,413.272614,,
17-04-2022,417.41153,417.880676,406.168304,407.377716,407.377716,1088306780,417.293884,418.6586,411.912903,,
18-04-2022,407.432922,417.94696,397.149658,416.968414,416.968414,1925668122,417.41153,417.880676,406.168304,,
19-04-2022,417.00766,424.274017,415.099396,422.387054,422.387054,1854452731,407.432922,417.94696,397.149658,,
20-04-2022,422.364288,430.975159,415.728394,418.354248,418.354248,2035166767,417.00766,424.274017,415.099396,,
21-04-2022,418.316864,425.474121,402.079681,405.021454,405.021454,2190281843,422.364288,430.975159,415.728394,,
22-04-2022,404.96698,413.28125,404.109039,406.987518,406.987518,1895749713,418.316864,425.474121,402.079681,,
23-04-2022,406.993347,407.897064,399.278412,401.652466,401.652466,1354484386,404.96698,413.28125,404.109039,,
24-04-2022,401.525024,405.430573,398.346619,399.105377,399.105377,1222468479,406.993347,407.897064,399.278412,,
25-04-2022,399.129913,404.873901,383.190674,404.350281,404.350281,1910707893,401.525024,405.430573,398.346619,,
26-04-2022,404.26886,407.084503,382.080994,385.483063,385.483063,1671963898,399.129913,404.873901,383.190674,,
27-04-2022,385.562164,394.458527,384.077698,391.445831,391.445831,1512587369,404.26886,407.084503,382.080994,,
28-04-2022,391.43866,408.232452,388.877655,406.718201,406.718201,2116381172,385.562164,394.458527,384.077698,,
29-04-2022,406.641724,410.175781,390.539978,393.062164,393.062164,1928209754,391.43866,408.232452,388.877655,,
30-04-2022,392.998535,399.593079,377.767822,377.767822,377.767822,1467605770,406.641724,410.175781,390.539978,,
01-05-2022,377.765656,391.076996,377.289948,390.281982,390.281982,1553846706,392.998535,399.593079,377.767822,,
02-05-2022,390.261261,392.216705,382.774414,389.670654,389.670654,1388077917,377.765656,391.076996,377.289948,,
03-05-2022,389.634155,391.754761,380.346222,383.4758,383.4758,1295877765,390.261261,392.216705,382.774414,,
04-05-2022,383.483551,402.862701,383.42804,402.502655,402.502655,1714496792,389.634155,391.754761,380.346222,,
05-05-2022,402.46521,412.40036,372.552765,378.773621,378.773621,2389487319,383.483551,402.862701,383.42804,,
06-05-2022,378.756744,382.681091,371.973328,379.304291,379.304291,1834770716,402.46521,412.40036,372.552765,,
07-05-2022,379.288177,380.387421,361.195587,365.684113,365.684113,1527960119,378.756744,382.681091,371.973328,,
08-05-2022,365.733002,366.509583,351.143768,355.398743,355.398743,1875845651,379.288177,380.387421,361.195587,,
09-05-2022,355.377411,358.950714,299.348938,299.348938,299.348938,2943374129,365.733002,366.509583,351.143768,,
10-05-2022,298.820709,332.438843,290.586792,319.326965,319.326965,3210603809,355.377411,358.950714,299.348938,,
11-05-2022,319.122772,322.766815,262.620453,269.962769,269.962769,3870618668,298.820709,332.438843,290.586792,,
12-05-2022,269.888,283.475128,216.361496,269.407257,269.407257,4739990237,319.122772,322.766815,262.620453,,
13-05-2022,269.142731,312.688782,265.709595,290.584198,290.584198,2774121165,269.888,283.475128,216.361496,,
14-05-2022,290.618073,298.802856,272.651154,297.387604,297.387604,1884570404,269.142731,312.688782,265.709595,,
15-05-2022,297.397369,312.176544,286.643768,312.007721,312.007721,1611088257,290.618073,298.802856,272.651154,,
16-05-2022,312.084137,312.144257,290.461823,297.710114,297.710114,1754184298,297.397369,312.176544,286.643768,,
17-05-2022,297.69931,310.194458,296.961792,305.96344,305.96344,1584497815,312.084137,312.144257,290.461823,,
18-05-2022,305.989868,307.711456,287.438782,287.438782,287.438782,1520090732,297.69931,310.194458,296.961792,,
19-05-2022,287.45047,307.959808,287.2146,306.791565,306.791565,1646882950,305.989868,307.711456,287.438782,,
20-05-2022,306.781067,315.273865,294.760803,302.359222,302.359222,1756670714,287.45047,307.959808,287.2146,,
21-05-2022,302.365936,313.660156,300.130066,312.466034,312.466034,1318736979,306.781067,315.273865,294.760803,,
22-05-2022,312.488037,322.857025,311.827332,319.609009,319.609009,1604297406,302.365936,313.660156,300.130066,,
23-05-2022,319.51712,336.307526,316.349731,316.760559,316.760559,2228144099,312.488037,322.857025,311.827332,,
24-05-2022,316.85083,329.818665,313.550903,328.189331,328.189331,2002782969,319.51712,336.307526,316.349731,,
25-05-2022,328.195679,336.666046,324.548553,325.734802,325.734802,2008481372,316.85083,329.818665,313.550903,,
26-05-2022,325.75528,330.892334,298.786591,304.963928,304.963928,2686414043,328.195679,336.666046,324.548553,,
27-05-2022,304.790833,308.864929,292.141876,300.972046,300.972046,2593113824,325.75528,330.892334,298.786591,,
28-05-2022,302.435028,309.209045,297.716919,307.81543,307.81543,1471633413,304.790833,308.864929,292.141876,,
29-05-2022,307.752533,307.944397,299.306183,305.975067,305.975067,1208835000,302.435028,309.209045,297.716919,,
30-05-2022,305.944092,323.257782,304.336578,321.752899,321.752899,2064357375,307.752533,307.944397,299.306183,,
31-05-2022,321.720306,323.701355,314.275513,320.485107,320.485107,1711532960,305.944092,323.257782,304.336578,,
01-06-2022,320.472015,323.885071,297.968597,300.504059,300.504059,1763624947,321.720306,323.701355,314.275513,,
02-06-2022,300.466461,309.040894,298.671204,308.101776,308.101776,1228180850,320.472015,323.885071,297.968597,,
03-06-2022,308.194183,309.85672,293.863068,298.397888,298.397888,1115211127,300.466461,309.040894,298.671204,,
04-06-2022,298.502838,302.637787,295.283905,301.631134,301.631134,805954970,308.194183,309.85672,293.863068,,
05-06-2022,301.5979,301.940765,295.425262,298.934723,298.934723,779603321,298.502838,302.637787,295.283905,,
06-06-2022,298.984589,311.699707,289.428284,295.396027,295.396027,1470941103,301.5979,301.940765,295.425262,,
07-06-2022,295.373413,295.373413,274.427765,290.341125,290.341125,1752763456,298.984589,311.699707,289.428284,,
08-06-2022,290.298828,294.039948,284.373322,288.616089,288.616089,1136631692,295.373413,295.373413,274.427765,,
09-06-2022,288.617554,292.980652,286.479279,289.919647,289.919647,800984464,290.298828,294.039948,284.373322,,
10-06-2022,289.88858,297.231293,283.478546,286.046692,286.046692,1362797648,288.617554,292.980652,286.479279,,
11-06-2022,286.105377,290.371796,265.629791,269.487,269.487,1220361307,289.88858,297.231293,283.478546,,
12-06-2022,269.662567,271.379883,251.99144,255.950882,255.950882,1380200465,286.105377,290.371796,265.629791,,
13-06-2022,255.667725,256.854309,214.605301,222.505783,222.505783,2471570710,269.662567,271.379883,251.99144,,
14-06-2022,222.5522,230.365631,205.393173,223.221252,223.221252,2027226914,255.667725,256.854309,214.605301,,
15-06-2022,223.189438,234.01709,199.292221,233.396713,233.396713,2244407305,222.5522,230.365631,205.393173,,
16-06-2022,233.467865,236.328537,208.065598,209.538742,209.538742,1483212957,223.189438,234.01709,199.292221,,
17-06-2022,209.708679,221.641342,208.102921,215.8918,215.8918,1108538874,233.467865,236.328537,208.065598,,
18-06-2022,215.815613,218.550201,184.540054,197.042999,197.042999,1579731402,209.708679,221.641342,208.102921,,
19-06-2022,196.955795,216.082474,190.12149,214.920532,214.920532,1333254615,215.815613,218.550201,184.540054,,
20-06-2022,214.879745,218.079712,205.166824,216.934265,216.934265,1235838900,196.955795,216.082474,190.12149,,
21-06-2022,216.901108,227.642212,213.550812,219.498627,219.498627,1165714518,214.879745,218.079712,205.166824,,
22-06-2022,219.673401,220.526932,211.591934,214.261917,214.261917,1050984086,216.901108,227.642212,213.550812,,
23-06-2022,214.231033,229.771423,214.231033,228.953751,228.953751,1148541185,219.673401,220.526932,211.591934,,
24-06-2022,228.922867,242.816254,228.630035,240.238312,240.238312,1127877901,214.231033,229.771423,214.231033,,
25-06-2022,240.262177,241.497726,230.446213,239.690659,239.690659,915553554,228.922867,242.816254,228.630035,,
26-06-2022,239.612579,244.665466,233.632187,233.858749,233.858749,823875890,240.262177,241.497726,230.446213,,
27-06-2022,233.833664,240.61821,230.50708,233.654022,233.654022,841135242,239.612579,244.665466,233.632187,,
28-06-2022,233.572845,241.423248,226.150101,226.927338,226.927338,1082126615,233.833664,240.61821,230.50708,,
29-06-2022,226.904602,229.434708,215.947815,219.28447,219.28447,1062609997,233.572845,241.423248,226.150101,,
30-06-2022,219.387573,219.88707,205.926666,219.300095,219.300095,1088852065,226.904602,229.434708,215.947815,,
01-07-2022,219.528992,226.379623,213.665634,216.015457,216.015457,1234215934,219.387573,219.88707,205.926666,,
02-07-2022,216.231979,219.422012,214.210449,218.035233,218.035233,767361243,219.528992,226.379623,213.665634,,
03-07-2022,218.047577,219.788712,214.464493,218.980316,218.980316,724525676,216.231979,219.422012,214.210449,,
04-07-2022,218.978607,231.768204,215.21373,231.574127,231.574127,1039372640,218.047577,219.788712,214.464493,,
05-07-2022,231.484116,235.759155,223.228378,230.846359,230.846359,1310031377,218.978607,231.768204,215.21373,,
06-07-2022,230.911087,239.490601,229.297928,238.499939,238.499939,1266715664,231.484116,235.759155,223.228378,,
07-07-2022,238.50296,243.302887,235.4366,241.54451,241.54451,1108137930,230.911087,239.490601,229.297928,,
08-07-2022,241.544434,246.683014,237.140396,240.750717,240.750717,1341618380,238.50296,243.302887,235.4366,,
09-07-2022,240.756577,244.693466,240.668823,243.241074,243.241074,851653424,241.544434,246.683014,237.140396,,
10-07-2022,243.250931,243.327133,232.101974,234.655579,234.655579,881096013,240.756577,244.693466,240.668823,,
11-07-2022,234.599365,234.649933,225.501419,225.858505,225.858505,1021066311,243.250931,243.327133,232.101974,,
12-07-2022,225.868393,228.190842,220.464554,220.464554,220.464554,1140033692,234.599365,234.649933,225.501419,,
13-07-2022,220.492416,230.538712,216.816803,230.524765,230.524765,1431776142,225.868393,228.190842,220.464554,,
14-07-2022,230.512329,239.660156,227.57991,238.164474,238.164474,1609361574,220.492416,230.538712,216.816803,,4
15-07-2022,238.226624,241.83342,235.683151,238.57399,238.57399,1151260376,230.512329,239.660156,227.57991,,
16-07-2022,238.559067,250.758759,234.117676,249.593872,249.593872,1030985968,238.226624,241.83342,235.683151,,
17-07-2022,249.925842,255.142746,246.953842,251.051605,251.051605,1206045184,238.559067,250.758759,234.117676,,
